--
-- PostgreSQL database dump
--

-- Dumped from database version 16.8 (Ubuntu 16.8-0ubuntu0.24.04.1)
-- Dumped by pg_dump version 16.8 (Ubuntu 16.8-0ubuntu0.24.04.1)

SET statement_timeout = 0;
SET lock_timeout = 0;
SET idle_in_transaction_session_timeout = 0;
SET client_encoding = 'UTF8';
SET standard_conforming_strings = on;
SELECT pg_catalog.set_config('search_path', '', false);
SET check_function_bodies = false;
SET xmloption = content;
SET client_min_messages = warning;
SET row_security = off;

SET default_tablespace = '';

SET default_table_access_method = heap;

--
-- Name: order_items; Type: TABLE; Schema: public; Owner: -
--

CREATE TABLE public.order_items (
    id bigint NOT NULL,
    price_at_purchase numeric(10,2) NOT NULL,
    quantity integer NOT NULL,
    order_id bigint NOT NULL,
    product_id bigint NOT NULL
);


--
-- Name: order_items_id_seq; Type: SEQUENCE; Schema: public; Owner: -
--

ALTER TABLE public.order_items ALTER COLUMN id ADD GENERATED BY DEFAULT AS IDENTITY (
    SEQUENCE NAME public.order_items_id_seq
    START WITH 1
    INCREMENT BY 1
    NO MINVALUE
    NO MAXVALUE
    CACHE 1
);


--
-- Name: orders; Type: TABLE; Schema: public; Owner: -
--

CREATE TABLE public.orders (
    id bigint NOT NULL,
    order_date timestamp(6) without time zone,
    status character varying(255) NOT NULL,
    total_amount numeric(10,2) NOT NULL,
    user_id bigint NOT NULL,
    notes character varying(255)
);


--
-- Name: orders_id_seq; Type: SEQUENCE; Schema: public; Owner: -
--

ALTER TABLE public.orders ALTER COLUMN id ADD GENERATED BY DEFAULT AS IDENTITY (
    SEQUENCE NAME public.orders_id_seq
    START WITH 1
    INCREMENT BY 1
    NO MINVALUE
    NO MAXVALUE
    CACHE 1
);


--
-- Name: products; Type: TABLE; Schema: public; Owner: -
--

CREATE TABLE public.products (
    id bigint NOT NULL,
    description text,
    image_url character varying(255),
    name character varying(255) NOT NULL,
    price numeric(10,2) NOT NULL,
    stock_quantity integer NOT NULL,
    image_file_id character varying(255),
    category character varying(100),
    active boolean
);


--
-- Name: products_id_seq; Type: SEQUENCE; Schema: public; Owner: -
--

ALTER TABLE public.products ALTER COLUMN id ADD GENERATED BY DEFAULT AS IDENTITY (
    SEQUENCE NAME public.products_id_seq
    START WITH 1
    INCREMENT BY 1
    NO MINVALUE
    NO MAXVALUE
    CACHE 1
);


--
-- Name: user_profiles; Type: TABLE; Schema: public; Owner: -
--

CREATE TABLE public.user_profiles (
    user_id bigint NOT NULL,
    country character varying(255),
    district character varying(255),
    sector character varying(255),
    street_address character varying(255),
    first_name character varying(100),
    last_name character varying(100),
    profile_picture_file_id character varying(255),
    version integer,
    phone character varying(10)
);


--
-- Name: user_roles; Type: TABLE; Schema: public; Owner: -
--

CREATE TABLE public.user_roles (
    user_id bigint NOT NULL,
    role character varying(255)
);


--
-- Name: users; Type: TABLE; Schema: public; Owner: -
--

CREATE TABLE public.users (
    id bigint NOT NULL,
    email character varying(255) NOT NULL,
    password character varying(255) NOT NULL,
    username character varying(255) NOT NULL
);


--
-- Name: users_id_seq; Type: SEQUENCE; Schema: public; Owner: -
--

ALTER TABLE public.users ALTER COLUMN id ADD GENERATED BY DEFAULT AS IDENTITY (
    SEQUENCE NAME public.users_id_seq
    START WITH 1
    INCREMENT BY 1
    NO MINVALUE
    NO MAXVALUE
    CACHE 1
);


--
-- Name: 24640; Type: BLOB; Schema: -; Owner: -
--

SELECT pg_catalog.lo_create('24640');


--
-- Name: 24641; Type: BLOB; Schema: -; Owner: -
--

SELECT pg_catalog.lo_create('24641');


--
-- Name: 24642; Type: BLOB; Schema: -; Owner: -
--

SELECT pg_catalog.lo_create('24642');


--
-- Data for Name: order_items; Type: TABLE DATA; Schema: public; Owner: -
--

COPY public.order_items (id, price_at_purchase, quantity, order_id, product_id) FROM stdin;
1	1000.00	2	1	1
2	1000.00	2	2	1
3	1000.00	2	3	1
4	1000.00	3	4	1
5	1000.00	2	5	1
6	1000.00	2	6	1
7	1000.00	2	7	1
8	1000.00	2	8	1
9	1000.00	2	9	1
10	1000.00	1	10	1
11	1000.00	1	11	1
12	1000.00	1	12	1
13	1000.00	1	13	1
14	15000.00	1	13	2
15	1000.00	2	14	1
16	15000.00	2	14	2
17	1700.00	2	14	3
18	1000.00	1	15	1
19	1700.00	1	16	3
20	1000.00	1	16	1
21	15000.00	1	17	2
22	1700.00	1	17	3
23	1700.00	1	18	3
24	1500.00	1	18	7
\.


--
-- Data for Name: orders; Type: TABLE DATA; Schema: public; Owner: -
--

COPY public.orders (id, order_date, status, total_amount, user_id, notes) FROM stdin;
1	2025-05-10 01:15:39.528847	PENDING_PAYMENT	2000.00	4	\N
2	2025-05-10 01:36:08.646143	PENDING_PAYMENT	2000.00	4	\N
3	2025-05-10 01:39:47.229322	PENDING_PAYMENT	2000.00	4	\N
4	2025-05-10 01:41:57.125577	PENDING_PAYMENT	3000.00	4	\N
5	2025-05-10 01:51:29.85523	PENDING_PAYMENT	2000.00	4	\N
6	2025-05-10 01:53:39.17841	PENDING_PAYMENT	2000.00	4	\N
7	2025-05-10 01:55:12.422146	PENDING_PAYMENT	2000.00	4	\N
8	2025-05-10 02:03:37.282657	PENDING_PAYMENT	2000.00	3	\N
9	2025-05-10 02:26:05.094684	PENDING_PAYMENT	2000.00	3	\N
10	2025-05-10 02:31:53.222639	PENDING_PAYMENT	1000.00	3	\N
11	2025-05-10 02:36:07.002087	CONFIRMED	1000.00	3	\N
12	2025-05-13 21:51:56.906414	PENDING_PAYMENT	1000.00	3	\N
13	2025-05-14 18:26:23.445075	PENDING_PAYMENT	16000.00	3	\N
14	2025-05-15 03:29:14.292882	PENDING_PAYMENT	35400.00	3	\N
16	2025-05-15 04:46:09.277234	PROCESSING	2700.00	3	\N
17	2025-05-15 16:24:09.758014	CONFIRMED	16700.00	3	\N
15	2025-05-15 03:47:21.31891	PROCESSING	1000.00	3	\N
18	2025-05-17 13:55:07.259816	PENDING_PAYMENT	3200.00	3	\N
\.


--
-- Data for Name: products; Type: TABLE DATA; Schema: public; Owner: -
--

COPY public.products (id, description, image_url, name, price, stock_quantity, image_file_id, category, active) FROM stdin;
4	Cheese burger with fries	\N	Burger	5000.00	20	68262421b581bd1fd5fb828f	Burgers	t
5	salted fish	\N	Fish	12000.00	13	68264434a770910668f725eb	Pasta	t
6	WIth onion	\N	Chicken	15000.00	20	68264421a770910668f725e7	Desserts	t
3	potato crips	https://images.ctfassets.net/trvmqu12jq2l/2IOUOL3CukVFGv7wTWrhfN/88259dcabcb1cd1c0d17de346dbb1bc7/CxBlog-DD-PotatoChips-LEAD.jpg?fm=jpg&q=90&w=1200	Snacks	1700.00	5	6826434fa770910668f725e1	Desserts	t
7	potato fries chips	\N	French Fries	1500.00	9	68264473a770910668f725ed	Desserts	t
2	Peperoni with chess	https://www.hormel.com/brands/hormel-pepperoni/wp-content/uploads/sites/3/Recipes_2400_Spicy-Pepperoni-Pizza.jpg?1744988116	Pizza	15000.00	0	682879a335d9627e4f693385	Pizza	f
1	Good rice	https://encrypted-tbn0.gstatic.com/images?q=tbn:ANd9GcR6ounZSZLusxy8RIzRvQkrit7uzlk9XSAeqg&s	Rice	1000.00	105	68264278a770910668f725dd	Drinks	t
\.


--
-- Data for Name: user_profiles; Type: TABLE DATA; Schema: public; Owner: -
--

COPY public.user_profiles (user_id, country, district, sector, street_address, first_name, last_name, profile_picture_file_id, version, phone) FROM stdin;
5	\N	\N	\N	\N	\N	\N	\N	0	\N
6	Rwanda	Gasabo	Kacyiru	Kg 647 street	CYUSA	Clever	682083c9452cb62770fe7516	2	\N
3	Rwanda	Gasabo	Kacyiru	Kg 647 street	UZABUMWANA	Fiston	68207f3a452cb62770fe7510	2	0785263279
\.


--
-- Data for Name: user_roles; Type: TABLE DATA; Schema: public; Owner: -
--

COPY public.user_roles (user_id, role) FROM stdin;
1	ROLE_ADMIN
1	ROLE_USER
2	ROLE_USER
3	ROLE_ADMIN
4	ROLE_USER
5	ROLE_USER
6	ROLE_USER
\.


--
-- Data for Name: users; Type: TABLE DATA; Schema: public; Owner: -
--

COPY public.users (id, email, password, username) FROM stdin;
1	admin@example.com	$2a$10$Wh1fZsN.Va9ztX0waOSwz.W.GAYLJ95heSZAxb0uw0CkDgrPlPMZO	admin
2	user@example.com	$2a$10$zt3P0goP02o.ZOkS7wtnXe7tIuJO9sziiipSv1BXQ8CxBPYb8gL5a	user
3	youfistalline11@gmail.com	$2a$10$9Z.kKmJPaJkMlTooYEgOuOFdGKsU1RFEkWxtqES2RAaDmR54w7VoS	fiston
4	adeline@gmail.com	$2a$10$4KQ07L9RHbrwPjF.jCE4SOsL/5NfbavEV4KHp/qBWJiFuWCQwlRfm	adeline
5	yvette@gmail.com	$2a$10$5pCxF6GGJUjavtUdfXsuoeAqZRX6m/7y.uKobAmDK3.RS4VUy3VhC	yvette
6	cyusaclever@gmail.com	$2a$10$bVQ1DyvTV2DS4OQzkMO8hODqAf/jcYESCcjInp23IDdQEUNAt2tyK	cyusaclever
\.


--
-- Name: order_items_id_seq; Type: SEQUENCE SET; Schema: public; Owner: -
--

SELECT pg_catalog.setval('public.order_items_id_seq', 24, true);


--
-- Name: orders_id_seq; Type: SEQUENCE SET; Schema: public; Owner: -
--

SELECT pg_catalog.setval('public.orders_id_seq', 18, true);


--
-- Name: products_id_seq; Type: SEQUENCE SET; Schema: public; Owner: -
--

SELECT pg_catalog.setval('public.products_id_seq', 7, true);


--
-- Name: users_id_seq; Type: SEQUENCE SET; Schema: public; Owner: -
--

SELECT pg_catalog.setval('public.users_id_seq', 6, true);


--
-- Data for Name: BLOBS; Type: BLOBS; Schema: -; Owner: -
--

BEGIN;

SELECT pg_catalog.lo_open('24640', 131072);
SELECT pg_catalog.lowrite(0, '\x70696c61752072696365');
SELECT pg_catalog.lo_close(0);

SELECT pg_catalog.lo_open('24641', 131072);
SELECT pg_catalog.lowrite(0, '\x70696c61752072696365');
SELECT pg_catalog.lo_close(0);

SELECT pg_catalog.lo_open('24642', 131072);
SELECT pg_catalog.lowrite(0, '\x70696c61752072696365');
SELECT pg_catalog.lo_close(0);

COMMIT;

--
-- Name: order_items order_items_pkey; Type: CONSTRAINT; Schema: public; Owner: -
--

ALTER TABLE ONLY public.order_items
    ADD CONSTRAINT order_items_pkey PRIMARY KEY (id);


--
-- Name: orders orders_pkey; Type: CONSTRAINT; Schema: public; Owner: -
--

ALTER TABLE ONLY public.orders
    ADD CONSTRAINT orders_pkey PRIMARY KEY (id);


--
-- Name: products products_pkey; Type: CONSTRAINT; Schema: public; Owner: -
--

ALTER TABLE ONLY public.products
    ADD CONSTRAINT products_pkey PRIMARY KEY (id);


--
-- Name: users uk6dotkott2kjsp8vw4d0m25fb7; Type: CONSTRAINT; Schema: public; Owner: -
--

ALTER TABLE ONLY public.users
    ADD CONSTRAINT uk6dotkott2kjsp8vw4d0m25fb7 UNIQUE (email);


--
-- Name: users ukr43af9ap4edm43mmtq01oddj6; Type: CONSTRAINT; Schema: public; Owner: -
--

ALTER TABLE ONLY public.users
    ADD CONSTRAINT ukr43af9ap4edm43mmtq01oddj6 UNIQUE (username);


--
-- Name: user_profiles user_profiles_pkey; Type: CONSTRAINT; Schema: public; Owner: -
--

ALTER TABLE ONLY public.user_profiles
    ADD CONSTRAINT user_profiles_pkey PRIMARY KEY (user_id);


--
-- Name: users users_pkey; Type: CONSTRAINT; Schema: public; Owner: -
--

ALTER TABLE ONLY public.users
    ADD CONSTRAINT users_pkey PRIMARY KEY (id);


--
-- Name: orders fk32ql8ubntj5uh44ph9659tiih; Type: FK CONSTRAINT; Schema: public; Owner: -
--

ALTER TABLE ONLY public.orders
    ADD CONSTRAINT fk32ql8ubntj5uh44ph9659tiih FOREIGN KEY (user_id) REFERENCES public.users(id);


--
-- Name: order_items fkbioxgbv59vetrxe0ejfubep1w; Type: FK CONSTRAINT; Schema: public; Owner: -
--

ALTER TABLE ONLY public.order_items
    ADD CONSTRAINT fkbioxgbv59vetrxe0ejfubep1w FOREIGN KEY (order_id) REFERENCES public.orders(id);


--
-- Name: user_roles fkhfh9dx7w3ubf1co1vdev94g3f; Type: FK CONSTRAINT; Schema: public; Owner: -
--

ALTER TABLE ONLY public.user_roles
    ADD CONSTRAINT fkhfh9dx7w3ubf1co1vdev94g3f FOREIGN KEY (user_id) REFERENCES public.users(id);


--
-- Name: user_profiles fkjcad5nfve11khsnpwj1mv8frj; Type: FK CONSTRAINT; Schema: public; Owner: -
--

ALTER TABLE ONLY public.user_profiles
    ADD CONSTRAINT fkjcad5nfve11khsnpwj1mv8frj FOREIGN KEY (user_id) REFERENCES public.users(id);


--
-- Name: order_items fkocimc7dtr037rh4ls4l95nlfi; Type: FK CONSTRAINT; Schema: public; Owner: -
--

ALTER TABLE ONLY public.order_items
    ADD CONSTRAINT fkocimc7dtr037rh4ls4l95nlfi FOREIGN KEY (product_id) REFERENCES public.products(id);


--
-- PostgreSQL database dump complete
--

